Coupon code,Description,Image,Link,Eligible Credit Cards,Eligible Debit Cards
AXIS500,Save Upto Rs 500 with Axis Bank Credit Cards,https://st.redbus.in/Images/INDOFFER/AXIS/Axisimages/Desktop%20Detail%20page%20274x147.png,https://www.redbus.in/offers,Axis Bank Ace Credit Card,
AXIS500,Save Upto Rs 500 with Axis Bank Credit Cards,https://st.redbus.in/Images/INDOFFER/AXIS/Axisimages/Desktop%20Detail%20page%20274x147.png,https://www.redbus.in/offers,Airtel Axis Bank RuPay Credit Card,
AXIS500,Save Upto Rs 500 with Axis Bank Credit Cards,https://st.redbus.in/Images/INDOFFER/AXIS/Axisimages/Desktop%20Detail%20page%20274x147.png,https://www.redbus.in/offers,Airtel Axis Bank Credit Card,
AXIS500,Save Upto Rs 500 with Axis Bank Credit Cards,https://st.redbus.in/Images/INDOFFER/AXIS/Axisimages/Desktop%20Detail%20page%20274x147.png,https://www.redbus.in/offers,Flipkart Axis Bank Credit Card,
AXIS500,Save Upto Rs 500 with Axis Bank Credit Cards,https://st.redbus.in/Images/INDOFFER/AXIS/Axisimages/Desktop%20Detail%20page%20274x147.png,https://www.redbus.in/offers,Axis Bank Neo Credit Card,
AXIS500,Save Upto Rs 500 with Axis Bank Credit Cards,https://st.redbus.in/Images/INDOFFER/AXIS/Axisimages/Desktop%20Detail%20page%20274x147.png,https://www.redbus.in/offers,Axis Bank Atlas Credit Card,
AXIS500,Save Upto Rs 500 with Axis Bank Credit Cards,https://st.redbus.in/Images/INDOFFER/AXIS/Axisimages/Desktop%20Detail%20page%20274x147.png,https://www.redbus.in/offers,Flipkart Axis Bank Superelite Credit Card,
AXIS500,Save Upto Rs 500 with Axis Bank Credit Cards,https://st.redbus.in/Images/INDOFFER/AXIS/Axisimages/Desktop%20Detail%20page%20274x147.png,https://www.redbus.in/offers,Axis Bank Rewards Credit Card,
AXIS500,Save Upto Rs 500 with Axis Bank Credit Cards,https://st.redbus.in/Images/INDOFFER/AXIS/Axisimages/Desktop%20Detail%20page%20274x147.png,https://www.redbus.in/offers,IndianOil Axis Bank Credit Card,
AXIS500,Save Upto Rs 500 with Axis Bank Credit Cards,https://st.redbus.in/Images/INDOFFER/AXIS/Axisimages/Desktop%20Detail%20page%20274x147.png,https://www.redbus.in/offers,Fibe Axis Bank Credit Card,
AXIS500,Save Upto Rs 500 with Axis Bank Credit Cards,https://st.redbus.in/Images/INDOFFER/AXIS/Axisimages/Desktop%20Detail%20page%20274x147.png,https://www.redbus.in/offers,Axis Bank SpiceJet Voyage Black Credit Card,
AXIS500,Save Upto Rs 500 with Axis Bank Credit Cards,https://st.redbus.in/Images/INDOFFER/AXIS/Axisimages/Desktop%20Detail%20page%20274x147.png,https://www.redbus.in/offers,Spicejet Axis Bank Voyage Credit Card,
AXIS500,Save Upto Rs 500 with Axis Bank Credit Cards,https://st.redbus.in/Images/INDOFFER/AXIS/Axisimages/Desktop%20Detail%20page%20274x147.png,https://www.redbus.in/offers,Samsung Axis Bank Infinite Credit Card,
AXIS500,Save Upto Rs 500 with Axis Bank Credit Cards,https://st.redbus.in/Images/INDOFFER/AXIS/Axisimages/Desktop%20Detail%20page%20274x147.png,https://www.redbus.in/offers,Axis Bank Reserve Credit Card,
AXIS500,Save Upto Rs 500 with Axis Bank Credit Cards,https://st.redbus.in/Images/INDOFFER/AXIS/Axisimages/Desktop%20Detail%20page%20274x147.png,https://www.redbus.in/offers,Axis Bank Vistara Infinite Credit Card,
AXIS500,Save Upto Rs 500 with Axis Bank Credit Cards,https://st.redbus.in/Images/INDOFFER/AXIS/Axisimages/Desktop%20Detail%20page%20274x147.png,https://www.redbus.in/offers,Axis Bank Miles And More World Select Credit Card,
AXIS500,Save Upto Rs 500 with Axis Bank Credit Cards,https://st.redbus.in/Images/INDOFFER/AXIS/Axisimages/Desktop%20Detail%20page%20274x147.png,https://www.redbus.in/offers,Axis Bank Miles And More World Credit Card,
AXIS500,Save Upto Rs 500 with Axis Bank Credit Cards,https://st.redbus.in/Images/INDOFFER/AXIS/Axisimages/Desktop%20Detail%20page%20274x147.png,https://www.redbus.in/offers,Samsung Axis Bank Signature Credit Card,
AXIS500,Save Upto Rs 500 with Axis Bank Credit Cards,https://st.redbus.in/Images/INDOFFER/AXIS/Axisimages/Desktop%20Detail%20page%20274x147.png,https://www.redbus.in/offers,Axis Bank Vistara Credit Card,
AXIS500,Save Upto Rs 500 with Axis Bank Credit Cards,https://st.redbus.in/Images/INDOFFER/AXIS/Axisimages/Desktop%20Detail%20page%20274x147.png,https://www.redbus.in/offers,Axis Bank Magnus Credit Card,
AXIS500,Save Upto Rs 500 with Axis Bank Credit Cards,https://st.redbus.in/Images/INDOFFER/AXIS/Axisimages/Desktop%20Detail%20page%20274x147.png,https://www.redbus.in/offers,Axis Bank MY Zone Credit Card,
AXIS500,Save Upto Rs 500 with Axis Bank Credit Cards,https://st.redbus.in/Images/INDOFFER/AXIS/Axisimages/Desktop%20Detail%20page%20274x147.png,https://www.redbus.in/offers,Axis Bank Signature Credit Card,
AXIS500,Save Upto Rs 500 with Axis Bank Credit Cards,https://st.redbus.in/Images/INDOFFER/AXIS/Axisimages/Desktop%20Detail%20page%20274x147.png,https://www.redbus.in/offers,Axis Bank Privilege Credit Card,
AXIS500,Save Upto Rs 500 with Axis Bank Credit Cards,https://st.redbus.in/Images/INDOFFER/AXIS/Axisimages/Desktop%20Detail%20page%20274x147.png,https://www.redbus.in/offers,Axis Bank Privilege Easy Credit Card,
AXIS500,Save Upto Rs 500 with Axis Bank Credit Cards,https://st.redbus.in/Images/INDOFFER/AXIS/Axisimages/Desktop%20Detail%20page%20274x147.png,https://www.redbus.in/offers,Axis Bank Freecharge Plus Credit Card,
AXIS500,Save Upto Rs 500 with Axis Bank Credit Cards,https://st.redbus.in/Images/INDOFFER/AXIS/Axisimages/Desktop%20Detail%20page%20274x147.png,https://www.redbus.in/offers,Axis Bank Select Credit Card,
AXIS500,Save Upto Rs 500 with Axis Bank Credit Cards,https://st.redbus.in/Images/INDOFFER/AXIS/Axisimages/Desktop%20Detail%20page%20274x147.png,https://www.redbus.in/offers,Axis Insta Easy Credit Card,
AXIS500,Save Upto Rs 500 with Axis Bank Credit Cards,https://st.redbus.in/Images/INDOFFER/AXIS/Axisimages/Desktop%20Detail%20page%20274x147.png,https://www.redbus.in/offers,Axis Bank Vistara Signature Credit Card,
AXIS500,Save Upto Rs 500 with Axis Bank Credit Cards,https://st.redbus.in/Images/INDOFFER/AXIS/Axisimages/Desktop%20Detail%20page%20274x147.png,https://www.redbus.in/offers,Axis Bank Pride Signature Credit Card,
AXIS500,Save Upto Rs 500 with Axis Bank Credit Cards,https://st.redbus.in/Images/INDOFFER/AXIS/Axisimages/Desktop%20Detail%20page%20274x147.png,https://www.redbus.in/offers,LIC Axis Bank Signature Credit Card,
AXIS500,Save Upto Rs 500 with Axis Bank Credit Cards,https://st.redbus.in/Images/INDOFFER/AXIS/Axisimages/Desktop%20Detail%20page%20274x147.png,https://www.redbus.in/offers,Axis Bank Platinum Credit Card,
AXIS500,Save Upto Rs 500 with Axis Bank Credit Cards,https://st.redbus.in/Images/INDOFFER/AXIS/Axisimages/Desktop%20Detail%20page%20274x147.png,https://www.redbus.in/offers,Axis Bank My Wings Credit Card,
AXIS500,Save Upto Rs 500 with Axis Bank Credit Cards,https://st.redbus.in/Images/INDOFFER/AXIS/Axisimages/Desktop%20Detail%20page%20274x147.png,https://www.redbus.in/offers,Axis Bank Aura Credit Card,
AXIS500,Save Upto Rs 500 with Axis Bank Credit Cards,https://st.redbus.in/Images/INDOFFER/AXIS/Axisimages/Desktop%20Detail%20page%20274x147.png,https://www.redbus.in/offers,Axis Bank Titanium Smart Traveller Credit Card,
AXIS500,Save Upto Rs 500 with Axis Bank Credit Cards,https://st.redbus.in/Images/INDOFFER/AXIS/Axisimages/Desktop%20Detail%20page%20274x147.png,https://www.redbus.in/offers,Axis Bank Freecharge Credit Card,
AXIS500,Save Upto Rs 500 with Axis Bank Credit Cards,https://st.redbus.in/Images/INDOFFER/AXIS/Axisimages/Desktop%20Detail%20page%20274x147.png,https://www.redbus.in/offers,Axis Bank Pride Platinum Credit Card,
AXIS500,Save Upto Rs 500 with Axis Bank Credit Cards,https://st.redbus.in/Images/INDOFFER/AXIS/Axisimages/Desktop%20Detail%20page%20274x147.png,https://www.redbus.in/offers,Axis Bank Neo Credit Card,
AXIS500,Save Upto Rs 500 with Axis Bank Credit Cards,https://st.redbus.in/Images/INDOFFER/AXIS/Axisimages/Desktop%20Detail%20page%20274x147.png,https://www.redbus.in/offers,Axis KWIK Credit Card,
AXIS500,Save Upto Rs 500 with Axis Bank Credit Cards,https://st.redbus.in/Images/INDOFFER/AXIS/Axisimages/Desktop%20Detail%20page%20274x147.png,https://www.redbus.in/offers,LIC Axis Bank Platinum Credit Card,
AXIS500,Save Upto Rs 500 with Axis Bank Credit Cards,https://st.redbus.in/Images/INDOFFER/AXIS/Axisimages/Desktop%20Detail%20page%20274x147.png,https://www.redbus.in/offers,Axis Horizon Mastercard Credit Card,
AXIS500,Save Upto Rs 500 with Axis Bank Credit Cards,https://st.redbus.in/Images/INDOFFER/AXIS/Axisimages/Desktop%20Detail%20page%20274x147.png,https://www.redbus.in/offers,Axis Bank Shoppers Stop Credit Card,
AXIS500,Save Upto Rs 500 with Axis Bank Credit Cards,https://st.redbus.in/Images/INDOFFER/AXIS/Axisimages/Desktop%20Detail%20page%20274x147.png,https://www.redbus.in/offers,Axis Bank Horizon Credit Card,
AUBUS200,Use AUBUS200 to get 10% off upto Rs 200 on AU Bank Credit Card.,https://st.redbus.in/Images/INDOFFER/AU/Desktop-Detail-page-274x147.png,https://www.redbus.in/offers,Axis Bank Ace Credit Card,
AUBUS200,Use AUBUS200 to get 10% off upto Rs 200 on AU Bank Credit Card.,https://st.redbus.in/Images/INDOFFER/AU/Desktop-Detail-page-274x147.png,https://www.redbus.in/offers,Airtel Axis Bank RuPay Credit Card,
AUBUS200,Use AUBUS200 to get 10% off upto Rs 200 on AU Bank Credit Card.,https://st.redbus.in/Images/INDOFFER/AU/Desktop-Detail-page-274x147.png,https://www.redbus.in/offers,Airtel Axis Bank Credit Card,
AUBUS200,Use AUBUS200 to get 10% off upto Rs 200 on AU Bank Credit Card.,https://st.redbus.in/Images/INDOFFER/AU/Desktop-Detail-page-274x147.png,https://www.redbus.in/offers,Flipkart Axis Bank Credit Card,
AUBUS200,Use AUBUS200 to get 10% off upto Rs 200 on AU Bank Credit Card.,https://st.redbus.in/Images/INDOFFER/AU/Desktop-Detail-page-274x147.png,https://www.redbus.in/offers,Axis Bank Neo Credit Card,
AUBUS200,Use AUBUS200 to get 10% off upto Rs 200 on AU Bank Credit Card.,https://st.redbus.in/Images/INDOFFER/AU/Desktop-Detail-page-274x147.png,https://www.redbus.in/offers,Axis Bank Atlas Credit Card,
AUBUS200,Use AUBUS200 to get 10% off upto Rs 200 on AU Bank Credit Card.,https://st.redbus.in/Images/INDOFFER/AU/Desktop-Detail-page-274x147.png,https://www.redbus.in/offers,Flipkart Axis Bank Superelite Credit Card,
AUBUS200,Use AUBUS200 to get 10% off upto Rs 200 on AU Bank Credit Card.,https://st.redbus.in/Images/INDOFFER/AU/Desktop-Detail-page-274x147.png,https://www.redbus.in/offers,Axis Bank Rewards Credit Card,
AUBUS200,Use AUBUS200 to get 10% off upto Rs 200 on AU Bank Credit Card.,https://st.redbus.in/Images/INDOFFER/AU/Desktop-Detail-page-274x147.png,https://www.redbus.in/offers,IndianOil Axis Bank Credit Card,
AUBUS200,Use AUBUS200 to get 10% off upto Rs 200 on AU Bank Credit Card.,https://st.redbus.in/Images/INDOFFER/AU/Desktop-Detail-page-274x147.png,https://www.redbus.in/offers,Fibe Axis Bank Credit Card,
AUBUS200,Use AUBUS200 to get 10% off upto Rs 200 on AU Bank Credit Card.,https://st.redbus.in/Images/INDOFFER/AU/Desktop-Detail-page-274x147.png,https://www.redbus.in/offers,Axis Bank SpiceJet Voyage Black Credit Card,
AUBUS200,Use AUBUS200 to get 10% off upto Rs 200 on AU Bank Credit Card.,https://st.redbus.in/Images/INDOFFER/AU/Desktop-Detail-page-274x147.png,https://www.redbus.in/offers,Spicejet Axis Bank Voyage Credit Card,
AUBUS200,Use AUBUS200 to get 10% off upto Rs 200 on AU Bank Credit Card.,https://st.redbus.in/Images/INDOFFER/AU/Desktop-Detail-page-274x147.png,https://www.redbus.in/offers,Samsung Axis Bank Infinite Credit Card,
AUBUS200,Use AUBUS200 to get 10% off upto Rs 200 on AU Bank Credit Card.,https://st.redbus.in/Images/INDOFFER/AU/Desktop-Detail-page-274x147.png,https://www.redbus.in/offers,Axis Bank Reserve Credit Card,
AUBUS200,Use AUBUS200 to get 10% off upto Rs 200 on AU Bank Credit Card.,https://st.redbus.in/Images/INDOFFER/AU/Desktop-Detail-page-274x147.png,https://www.redbus.in/offers,Axis Bank Vistara Infinite Credit Card,
AUBUS200,Use AUBUS200 to get 10% off upto Rs 200 on AU Bank Credit Card.,https://st.redbus.in/Images/INDOFFER/AU/Desktop-Detail-page-274x147.png,https://www.redbus.in/offers,Axis Bank Miles And More World Select Credit Card,
AUBUS200,Use AUBUS200 to get 10% off upto Rs 200 on AU Bank Credit Card.,https://st.redbus.in/Images/INDOFFER/AU/Desktop-Detail-page-274x147.png,https://www.redbus.in/offers,Axis Bank Miles And More World Credit Card,
AUBUS200,Use AUBUS200 to get 10% off upto Rs 200 on AU Bank Credit Card.,https://st.redbus.in/Images/INDOFFER/AU/Desktop-Detail-page-274x147.png,https://www.redbus.in/offers,Samsung Axis Bank Signature Credit Card,
AUBUS200,Use AUBUS200 to get 10% off upto Rs 200 on AU Bank Credit Card.,https://st.redbus.in/Images/INDOFFER/AU/Desktop-Detail-page-274x147.png,https://www.redbus.in/offers,Axis Bank Vistara Credit Card,
AUBUS200,Use AUBUS200 to get 10% off upto Rs 200 on AU Bank Credit Card.,https://st.redbus.in/Images/INDOFFER/AU/Desktop-Detail-page-274x147.png,https://www.redbus.in/offers,Axis Bank Magnus Credit Card,
AUBUS200,Use AUBUS200 to get 10% off upto Rs 200 on AU Bank Credit Card.,https://st.redbus.in/Images/INDOFFER/AU/Desktop-Detail-page-274x147.png,https://www.redbus.in/offers,Axis Bank MY Zone Credit Card,
AUBUS200,Use AUBUS200 to get 10% off upto Rs 200 on AU Bank Credit Card.,https://st.redbus.in/Images/INDOFFER/AU/Desktop-Detail-page-274x147.png,https://www.redbus.in/offers,Axis Bank Signature Credit Card,
AUBUS200,Use AUBUS200 to get 10% off upto Rs 200 on AU Bank Credit Card.,https://st.redbus.in/Images/INDOFFER/AU/Desktop-Detail-page-274x147.png,https://www.redbus.in/offers,Axis Bank Privilege Credit Card,
AUBUS200,Use AUBUS200 to get 10% off upto Rs 200 on AU Bank Credit Card.,https://st.redbus.in/Images/INDOFFER/AU/Desktop-Detail-page-274x147.png,https://www.redbus.in/offers,Axis Bank Privilege Easy Credit Card,
AUBUS200,Use AUBUS200 to get 10% off upto Rs 200 on AU Bank Credit Card.,https://st.redbus.in/Images/INDOFFER/AU/Desktop-Detail-page-274x147.png,https://www.redbus.in/offers,Axis Bank Freecharge Plus Credit Card,
AUBUS200,Use AUBUS200 to get 10% off upto Rs 200 on AU Bank Credit Card.,https://st.redbus.in/Images/INDOFFER/AU/Desktop-Detail-page-274x147.png,https://www.redbus.in/offers,Axis Bank Select Credit Card,
AUBUS200,Use AUBUS200 to get 10% off upto Rs 200 on AU Bank Credit Card.,https://st.redbus.in/Images/INDOFFER/AU/Desktop-Detail-page-274x147.png,https://www.redbus.in/offers,Axis Insta Easy Credit Card,
AUBUS200,Use AUBUS200 to get 10% off upto Rs 200 on AU Bank Credit Card.,https://st.redbus.in/Images/INDOFFER/AU/Desktop-Detail-page-274x147.png,https://www.redbus.in/offers,Axis Bank Vistara Signature Credit Card,
AUBUS200,Use AUBUS200 to get 10% off upto Rs 200 on AU Bank Credit Card.,https://st.redbus.in/Images/INDOFFER/AU/Desktop-Detail-page-274x147.png,https://www.redbus.in/offers,Axis Bank Pride Signature Credit Card,
AUBUS200,Use AUBUS200 to get 10% off upto Rs 200 on AU Bank Credit Card.,https://st.redbus.in/Images/INDOFFER/AU/Desktop-Detail-page-274x147.png,https://www.redbus.in/offers,LIC Axis Bank Signature Credit Card,
AUBUS200,Use AUBUS200 to get 10% off upto Rs 200 on AU Bank Credit Card.,https://st.redbus.in/Images/INDOFFER/AU/Desktop-Detail-page-274x147.png,https://www.redbus.in/offers,Axis Bank Platinum Credit Card,
AUBUS200,Use AUBUS200 to get 10% off upto Rs 200 on AU Bank Credit Card.,https://st.redbus.in/Images/INDOFFER/AU/Desktop-Detail-page-274x147.png,https://www.redbus.in/offers,Axis Bank My Wings Credit Card,
AUBUS200,Use AUBUS200 to get 10% off upto Rs 200 on AU Bank Credit Card.,https://st.redbus.in/Images/INDOFFER/AU/Desktop-Detail-page-274x147.png,https://www.redbus.in/offers,Axis Bank Aura Credit Card,
AUBUS200,Use AUBUS200 to get 10% off upto Rs 200 on AU Bank Credit Card.,https://st.redbus.in/Images/INDOFFER/AU/Desktop-Detail-page-274x147.png,https://www.redbus.in/offers,Axis Bank Titanium Smart Traveller Credit Card,
AUBUS200,Use AUBUS200 to get 10% off upto Rs 200 on AU Bank Credit Card.,https://st.redbus.in/Images/INDOFFER/AU/Desktop-Detail-page-274x147.png,https://www.redbus.in/offers,Axis Bank Freecharge Credit Card,
AUBUS200,Use AUBUS200 to get 10% off upto Rs 200 on AU Bank Credit Card.,https://st.redbus.in/Images/INDOFFER/AU/Desktop-Detail-page-274x147.png,https://www.redbus.in/offers,Axis Bank Pride Platinum Credit Card,
AUBUS200,Use AUBUS200 to get 10% off upto Rs 200 on AU Bank Credit Card.,https://st.redbus.in/Images/INDOFFER/AU/Desktop-Detail-page-274x147.png,https://www.redbus.in/offers,Axis Bank Neo Credit Card,
AUBUS200,Use AUBUS200 to get 10% off upto Rs 200 on AU Bank Credit Card.,https://st.redbus.in/Images/INDOFFER/AU/Desktop-Detail-page-274x147.png,https://www.redbus.in/offers,Axis KWIK Credit Card,
AUBUS200,Use AUBUS200 to get 10% off upto Rs 200 on AU Bank Credit Card.,https://st.redbus.in/Images/INDOFFER/AU/Desktop-Detail-page-274x147.png,https://www.redbus.in/offers,LIC Axis Bank Platinum Credit Card,
AUBUS200,Use AUBUS200 to get 10% off upto Rs 200 on AU Bank Credit Card.,https://st.redbus.in/Images/INDOFFER/AU/Desktop-Detail-page-274x147.png,https://www.redbus.in/offers,Axis Horizon Mastercard Credit Card,
AUBUS200,Use AUBUS200 to get 10% off upto Rs 200 on AU Bank Credit Card.,https://st.redbus.in/Images/INDOFFER/AU/Desktop-Detail-page-274x147.png,https://www.redbus.in/offers,Axis Bank Shoppers Stop Credit Card,
AUBUS200,Use AUBUS200 to get 10% off upto Rs 200 on AU Bank Credit Card.,https://st.redbus.in/Images/INDOFFER/AU/Desktop-Detail-page-274x147.png,https://www.redbus.in/offers,Axis Bank Horizon Credit Card,
